<?xml version="1.0" encoding="UTF-8"?>
<objects serializationModel="Studio.01.10.00">
    <object class="AudioFile" id="{1c2350f4-1bf6-4ec2-a33f-9f6326a5bf1f}">
        <property name="assetPath">
            <value>Oiseaux de la forêt__r128.wav</value>
        </property>
        <property name="isStreaming">
            <value>true</value>
        </property>
        <property name="frequencyInKHz">
            <value>44.0999985</value>
        </property>
        <property name="channelCount">
            <value>2</value>
        </property>
        <property name="length">
            <value>38.905532879818594</value>
        </property>
        <relationship name="masterAssetFolder">
            <destination>{cda4a9c5-e79f-4e4c-9ab1-ef67a5e0e6ee}</destination>
        </relationship>
    </object>
</objects>
