<?xml version="1.0" encoding="UTF-8"?>
<objects serializationModel="Studio.01.10.00">
    <object class="AudioFile" id="{37d6381a-9eee-40e8-8ede-668c9a1ad559}">
        <property name="assetPath">
            <value>Oh déception__r128.wav</value>
        </property>
        <property name="isStreaming">
            <value>true</value>
        </property>
        <property name="frequencyInKHz">
            <value>44.0999985</value>
        </property>
        <property name="channelCount">
            <value>2</value>
        </property>
        <property name="length">
            <value>20.587210884353741</value>
        </property>
        <relationship name="masterAssetFolder">
            <destination>{cda4a9c5-e79f-4e4c-9ab1-ef67a5e0e6ee}</destination>
        </relationship>
    </object>
</objects>
