<?xml version="1.0" encoding="UTF-8"?>
<objects serializationModel="Studio.02.00.00">
	<object class="AudioFile" id="{851b8a52-7744-46e9-b675-44f428f74e50}">
		<property name="assetPath">
			<value>metal_impact_03.wav</value>
		</property>
		<property name="frequencyInKHz">
			<value>44.0999985</value>
		</property>
		<property name="channelCount">
			<value>2</value>
		</property>
		<property name="length">
			<value>0.60099773242630383</value>
		</property>
		<relationship name="masterAssetFolder">
			<destination>{cda4a9c5-e79f-4e4c-9ab1-ef67a5e0e6ee}</destination>
		</relationship>
	</object>
</objects>
