<?xml version="1.0" encoding="UTF-8"?>
<objects serializationModel="Studio.02.00.00">
	<object class="AudioFile" id="{8ef1c038-326a-4785-a3ed-fb9508d616b1}">
		<property name="assetPath">
			<value>synth_rubber-band_grave_01.wav</value>
		</property>
		<property name="frequencyInKHz">
			<value>44.0999985</value>
		</property>
		<property name="channelCount">
			<value>2</value>
		</property>
		<property name="length">
			<value>2.8799999999999999</value>
		</property>
		<relationship name="masterAssetFolder">
			<destination>{cda4a9c5-e79f-4e4c-9ab1-ef67a5e0e6ee}</destination>
		</relationship>
	</object>
</objects>
