<?xml version="1.0" encoding="UTF-8"?>
<objects serializationModel="Studio.01.10.00">
    <object class="AudioFile" id="{9c3ce300-acfd-49e3-84fa-4c9a5edc8709}">
        <property name="assetPath">
            <value>Vagues__r128.wav</value>
        </property>
        <property name="isStreaming">
            <value>true</value>
        </property>
        <property name="frequencyInKHz">
            <value>44.0999985</value>
        </property>
        <property name="channelCount">
            <value>2</value>
        </property>
        <property name="length">
            <value>65.765691609977324</value>
        </property>
        <relationship name="masterAssetFolder">
            <destination>{cda4a9c5-e79f-4e4c-9ab1-ef67a5e0e6ee}</destination>
        </relationship>
    </object>
</objects>
