<?xml version="1.0" encoding="UTF-8"?>
<objects serializationModel="Studio.01.10.00">
    <object class="AudioFile" id="{a9192f2a-c7f1-4d8c-9aa7-56bfb7f67213}">
        <property name="assetPath">
            <value>Appel De Saint-Bernard__r128.wav</value>
        </property>
        <property name="frequencyInKHz">
            <value>44.0999985</value>
        </property>
        <property name="channelCount">
            <value>2</value>
        </property>
        <property name="length">
            <value>6.2395464852607709</value>
        </property>
        <relationship name="masterAssetFolder">
            <destination>{cda4a9c5-e79f-4e4c-9ab1-ef67a5e0e6ee}</destination>
        </relationship>
    </object>
</objects>
