<?xml version="1.0" encoding="UTF-8"?>
<objects serializationModel="Studio.02.00.00">
	<object class="AudioFile" id="{fbc1db2e-71d8-45ca-b35b-1b527c103434}">
		<property name="assetPath">
			<value>water_drop.wav</value>
		</property>
		<property name="frequencyInKHz">
			<value>44.0999985</value>
		</property>
		<property name="channelCount">
			<value>1</value>
		</property>
		<property name="length">
			<value>3.2000000000000002</value>
		</property>
		<relationship name="masterAssetFolder">
			<destination>{cda4a9c5-e79f-4e4c-9ab1-ef67a5e0e6ee}</destination>
		</relationship>
	</object>
</objects>
