<?xml version="1.0" encoding="UTF-8"?>
<objects serializationModel="Studio.02.00.00">
	<object class="EncodingSetting" id="{36ecf9a0-474d-467e-9742-b4c5e706453d}">
		<property name="encodingFormat">
			<value>3</value>
		</property>
		<property name="quality">
			<value>37</value>
		</property>
		<relationship name="platform">
			<destination>{b7dc6fa0-e87b-4d2b-aed0-7bcd093396d3}</destination>
		</relationship>
		<relationship name="encodable">
			<destination>{b7dc6fa0-e87b-4d2b-aed0-7bcd093396d3}</destination>
		</relationship>
	</object>
</objects>
